{
    "data": [
        {
            "id": "{{assetName}}",
            "type": "text",
            "label": "Asset Name"
        },
        {
            "id": "{{assetId}}",
            "type": "text",
            "label": "Asset Id"
        },
        {
            "id": "{{assetDescription}}",
            "type": "text",
            "label": "Asset Description"
        },
        {
            "id": "{{assetType}}",
            "type": "text",
            "label": "Asset Type"
        },
        {
            "id": "{{startDateTime}}",
            "type": "date",
            "label": "Start Date"
        },
        {
            "id": "{{endDateTime}}",
            "type": "date",
            "label": "End Date"
        },
        {
            "id": "{{vendorCompany}}",
            "type": "text",
            "label": "Vendor Company"
        },
        {
            "id": "{{vendorCountry}}",
            "type": "text",
            "label": "Vendor Country"
        },
        {
            "id": "{{vendorAddress}}",
            "type": "text",
            "label": "Vendor Address"
        },
        {
            "id": "{{vendorFirstName}}",
            "type": "text",
            "label": "Vendor Firstname"
        },
        {
            "id": "{{vendorLastName}}",
            "type": "text",
            "label": "Vendor Lastname"
        },
        {
            "id": "{{clientCompany}}",
            "type": "text",
            "label": "Client Company"
        },
        {
            "id": "{{clientCountry}}",
            "type": "text",
            "label": "Client Country"
        },
        {
            "id": "{{clientAddress}}",
            "type": "text",
            "label": "Client Address"
        },
        {
            "id": "{{clientFirstName}}",
            "type": "text",
            "label": "Client Firstname"
        },
        {
            "id": "{{clientLastName}}",
            "type": "text",
            "label": "Client Lastname"
        },
        {
            "id": "{{pricingTerms}}",
            "type": "text",
            "label": "Pricing Terms"
        },
        {
            "id": "{{pricingDescription}}",
            "type": "text",
            "label": "Pricing Description"
        }
    ],
    "text": "# 5GZORRO License Agreement\n\nFor use of {{assetName}} according to {{assetId}}.\n\nThis License Agreement is made and effective as of {{startDateTime}} (the \"Commencement Date\") for the duration and limitations described in the Schedule (Exhibit A), by and between {{vendorCompany}}, a company organized and existing in {{vendorCountry}}, with a registered address at {{vendorAddress}} (\"Vendor\") and {{clientCompany}}, a company organized and existing in {{clientCountry}}, with a registered address at {{clientAddress}} (\"Client\") in the context of 5GZORRO ecosystem.\n\n**WHEREAS:**\n\n1. Client wishes to obtain a license to use {{assetName}} (a {{assetType}}), hereinafter, the \"Asset\", and\n2. Vendor is willing to grant to the Client a non-exclusive, non-transferable License to use the Asset for the term and specific purpose set forth in this Agreement,\n\n**NOW, THEREFORE,** in consideration of the foregoing, and of the mutual promises and undertakings contained herein, and other good and valuable consideration, the parties agree as follows:\n\n## 1. Definitions\n\n1. \"Agreement\" means this 5GZORRO License Agreement including the attached Schedule.\n\n2. \"Confidential Information\" means information that:\n\n\ta. is by its nature confidential;\n\n\tb. is designated in writing by Vendor as confidential;\n\n\tc. the Client knows or reasonably ought to know is confidential;\n\n\td. Information comprised in or relating to any Intellectual Property Rights of Vendor.\n\n3. \"Asset\" means the Asset provided by Vendor as specified in Item 6 of the Schedule in the form as stated in Item 7 of the Schedule.\n\n4. \"Intellectual Property Rights\" means all rights in and to any copyright, trademark, trading name, design, patent, know how (trade secrets) and all other rights resulting from intellectual activity in the industrial, scientific, literary or artistic field and any application or right to apply for registration of any of these rights and any right to protect or enforce any of these rights, as further specified in clause 5.\n\n5. \"Party\" means a business stakeholder who has executed this Agreement; details of the Parties are specified in Item 2 of the Schedule.\n\n6. \"Term\" means the term of this Agreement commencing on the Commencement Date as specified in Item 4 of the Schedule and expiring on the Expiry Date specified in Item 5 of the Schedule.\n\n\n## 2. License Grant\n\n1. Vendor grants to the Client a non-exclusive, non-transferable License for the Term to use the Asset for the specific purpose specified in this Agreement, subject to the terms and conditions set out in this Agreement.\n\n## 3. Charges\n\n1. In consideration of the Vendor providing the License under clause 2 of this License Agreement, the Client agrees to pay Vendor the amount of the License Charge as specified in Item 11.\n\n## 4. Client’s Obligations\n\n1. The Client cannot use the Asset, for purposes other than as specified in this Agreement and in Item 8 of the Schedule.\n\n2. The Client will not distribute, sell, License or sub-License, let, trade or expose for sale the Asset to a third party outside of the 5GZORRO platform.\n\n3. No copies of the Asset are to be made other than as expressly approved by Vendor.\n\n4. No changes to the Asset or its content may be made by client\n\n5. The Client will provide technological and security measures to ensure that the Asset which the Client is responsible for is physically and electronically secure from unauthorized use or access.\n\n6. Client shall ensure that the Asset retains all Vendor copyright notices and other proprietary legends and all trademarks or service marks of Vendor.\n\n\n## 5. Intellectual Property Rights\n\n1. All Intellectual Property Rights over and in respect of the Asset are owned by Vendor. The Client does not acquire any rights of ownership in the Asset.\n\n## 6. Confidentiality\n\n1. Neither Party may use, disclose or make available to any third party the other Party’s Confidential Information, unless such use or disclosure is done in accordance with the terms of this Agreement.\n2. Each Party must hold the other Party’s Confidential Information secure and in confidence, except to the extent that such Confidential Information:\n\ta. is required to be disclosed according to the requirements of any law, judicial or legislative body or government agency; or\n\tb. was approved for release in writing by the other Party, but only to the extent of and subject to such conditions as may be imposed in such written authorization.\n3. This clause 7 will survive termination of this Agreement.\n\n## 7. Disclaimers & Release\n\n1. To the extent permitted by law, Vendor will in no way be liable to the Client or any third party for any loss or damage, however caused (including through negligence) which may be directly or indirectly suffered in connection with any use of the Asset.\n2. The Asset is provided by Vendor on an \"as is\" basis.\n3. Vendor will not be held liable by the Client in any way, for any loss, damage or injury suffered by the Client or by any other person related to any use of the Asset or any part thereof.\n4. Notwithstanding anything contained in this Agreement, in no event shall Vendor be liable for any claims, damages or loss which may arise from the modification, combination, operation or use of the Asset with Client computer programs.\n5. Vendor does not warrant that the Asset will function in any environment.\n6. The Client acknowledges that: a. The Asset has not been prepared to meet any specific requirements of any party, including any requirements of Client; and b. it is therefore the responsibility of the Client to ensure that the Asset meets its own individual requirements.\n7. To the extent permitted by law, no express or implied warranty, term, condition or undertaking is given or assumed by Vendor, including any implied warranty of merchantability or fitness for a particular purpose.\n\n## 8. Indemnification\n\n1. The Client must indemnify, defend and hold harmless Vendor, its board members, officers, employees and agents from and against any and all claims (including third party claims), demands, actions, suits, expenses (including attorney’s fees) and damages (including indirect or consequential loss) resulting in any way from:\n\ta. Client’s and Client’s employee’s use or reliance on the Asset,\n\tb. any breach of the terms of this License Agreement by the Client or any Client employee, and\n\tc. any other act of client\n2. This clause 9 will survive termination of this Agreement.\n\n## 9. Waiver\n\n1. Any failure or delay by either Party to exercise any right, power or privilege hereunder or to insist upon observance or performance by the other of the provisions of this License Agreement shall not operate or be construed as a waiver thereof.\n\n## 10. Termination\n\n1. This Agreement and the License granted herein commences upon the Commencement Date and is granted for the Term, unless otherwise terminated by Vendor in the event of any of the following:\n\ta. if the Client is in breach of any term of this License Agreement and has not corrected such breach to Vendor’s reasonable satisfaction within 7 days of Vendor’s notice of the same;\n\tb. if the Client becomes insolvent, or institutes (or there is instituted against it) proceedings in bankruptcy, insolvency, reorganization or dissolution, or makes an assignment for the benefit of creditors; or\n\tc. the Client is in breach of clause 5 or 7 of this Agreement.\n2. Termination under this clause shall not affect any other rights or remedies Vendor may have.\n\n## 11. License Fee\n\n1. In consideration for the License grant described in this License Agreement, Client shall pay the License fee as stated in Item 9 of the Schedule immediately upon execution of this Agreement.\n2. The License fee and any other amounts payable by the Client to the Vendor, under this Agreement, are exclusive of any and all foreign and domestic taxes, which if found to be applicable, will be invoiced to Client and paid by client\n\n## 12. Severability\n\n1. The Parties recognize the uncertainty of the law with respect to certain provisions of this Agreement and expressly stipulate that this Agreement will be construed in a manner that renders its provisions valid and enforceable to the maximum extent possible under applicable law. To the extent that any provisions of this Agreement are determined by a court of competent jurisdiction to be invalid or unenforceable, such provisions will be deleted from this Agreement or modified so as to make them enforceable and the validity and enforceability of the remainder of such provisions and of this Agreement will be unaffected.\n\n## 13. Entire Agreement\n\n1. This Agreement contains the entire agreement between the Parties and supersedes any previous understanding, commitments or agreements, oral or written. Further, this Agreement may not be modified, changed, or otherwise altered in any respect except by a written agreement signed by both Parties.\nIN WITNESS WHEREOF, this Agreement, including the attached Schedule, was considered digitally signed by the Parties by the redaction of this document under the hands of their duly authorized representatives and made effective as of the {{startDateTime}}.\n{{vendorCompany}}\n{{vendorFirstName}} {{vendorLastName}}\n\n{{clientCompany}}\n{{clientFirstName}} {{clientLastName}}\n\n## Exhibit A\n\nSchedule\n\n**Item 1 – License Agreement**\n\n\tTHE LICENSE AGREEMENT OF WHICH THIS SCHEDULE FORMS A PART IS DATED AS OF {{startDateTime}}] AND IS BY AND BETWEEN THE PARTIES REFERENCED IN ITEM 2 BELOW.\n\n**Item 2 – Name and Address of Vendor and Client**\n\n\tVendor: {{vendorCompany}}, a company organized and existing in {{vendorCountry}}, with a registered address at {{vendorAddress}}.\n\n\tClient: {{clientCompany}}, a company organized and existing in {{clientCountry}} with a registered address at {{clientAddress}}.\n\n**Item 3 – Other License Terms**\n\n\t{{pricingTerms}}\n\n**Item 4 – Commencement Date**\n\n\tThe commencement date is {{startDateTime}}\n\n**Item 5 – Expiry Date**\n\n\tThe expiry date is {{endDateTime}}\n\n**Item 6 – Description of Asset**\n\n\tThe asset {{assetName}} comprises the functionalities described herein:\n\n\t{{assetDescription}}\n\n**Item 7 – Format of Asset**\n\n\tThe format of the asset {{assetName}} is of type {{assetType}} is given as a bundled software component with all dependencies and requirements to successfully execute it.\n\n**Item 8 – Approved Purpose.**\n\n\tThe approved purpose for the use of the asset is solely under the management of the 5GZORRO platform. Not allowed to distribute, sell, License or sub-License, let, trade or expose for sale the Asset to a third party outside of the 5GZORRO platform.\n\n**Item 9 – License Fee**\n\n\t{{pricingDescription}}\n"
}